<?xml version="1.0" encoding="UTF-8"?>
<project-private xmlns="http://www.netbeans.org/ns/project-private/1">
    <editor-bookmarks xmlns="http://www.netbeans.org/ns/editor-bookmarks/2" lastBookmarkId="0"/>
    <open-files xmlns="http://www.netbeans.org/ns/projectui-open-files/2">
        <group>
            <file>file:/C:/Users/heshi/OneDrive/ASD%20pdf/NetBeansProjects/HotelManagementSystem/src/Model/DBConnection.java</file>
            <file>file:/C:/Users/heshi/OneDrive/ASD%20pdf/NetBeansProjects/HotelManagementSystem/src/View/report.java</file>
            <file>file:/C:/Users/heshi/OneDrive/ASD%20pdf/NetBeansProjects/HotelManagementSystem/src/View/AddDetails.java</file>
            <file>file:/C:/Users/heshi/OneDrive/ASD%20pdf/NetBeansProjects/HotelManagementSystem/src/Controller/ReportController.java</file>
            <file>file:/C:/Users/heshi/OneDrive/ASD%20pdf/NetBeansProjects/HotelManagementSystem/src/Model/AddReport.java</file>
        </group>
    </open-files>
</project-private>
